pregunta;op1;op2;op3;op4;correcta;explicacion
"¿Cuál de las siguientes opciones es la única verdadera?";"La función signo convierte probabilidades en etiquetas continuas";"La función signo asigna +1 si f(x)>=0 y -1 si f(x)<0";"La función signo solo sirve en regresión";"La función signo siempre devuelve 0";"b";"Clasifica binariamente según el signo del score."
"¿Cuál de las siguientes opciones es la única verdadera?";"LASSO usa penalización L2";"RIDGE usa penalización L1";"LASSO usa penalización L1";"Ninguna regularización modifica la pérdida";"c";"LASSO es norma L1 (valores absolutos)."
"¿Cuál de las siguientes opciones es la única verdadera?";"RIDGE lleva coeficientes exactamente a cero";"RIDGE usa penalización L2";"RIDGE elimina variables siempre";"RIDGE solo sirve en clasificación";"b";"RIDGE penaliza con suma de cuadrados."
"¿Cuál de las siguientes opciones es la única verdadera?";"MinMaxScaler centra en media 0 varianza 1";"MinMaxScaler reescala a [0,1] por feature";"MinMaxScaler normaliza a Gaussiana";"MinMaxScaler elimina outliers";"b";"Reescala linealmente cada variable a un rango."
"¿Cuál de las siguientes opciones es la única verdadera?";"StandardScaler lleva a media 0 y varianza 1";"StandardScaler lleva a [0,1]";"StandardScaler binariza";"StandardScaler ordena";"a";"Estandariza: (x-μ)/σ."
"¿Cuál de las siguientes opciones es la única verdadera?";"PCA selecciona features originales";"PCA crea variables ortogonales maximizando varianza";"PCA requiere etiquetas";"PCA elimina toda varianza";"b";"Componentes principales ortogonales."
"¿Cuál de las siguientes opciones es la única verdadera?";"MAE es media del error cuadrático";"MAE es media del error absoluto";"MAE es número de aciertos";"MAE es mediana del error";"b";"Definición de MAE."
"¿Cuál de las siguientes opciones es la única verdadera?";"MSE es media del error absoluto";"MSE es media del error al cuadrado";"MSE es suma sin media";"MSE siempre 0";"b";"Definición de MSE."
"¿Cuál de las siguientes opciones es la única verdadera?";"La logística convierte score en probabilidad";"La logística da etiqueta sin umbral";"La logística elimina entrenamiento";"La logística da valores negativos";"a";"Sigmoide mapea a [0,1]."
"¿Cuál de las siguientes opciones es la única verdadera?";"GD suma gradiente";"GD resta gradiente";"GD no actualiza pesos";"GD elimina sesgo";"b";"Se resta porque el gradiente apunta a subida."
"¿Cuál de las siguientes opciones es la única verdadera?";"El gradiente apunta a descenso";"El gradiente apunta a aumento";"El gradiente siempre 0";"El gradiente no existe";"b";"Dirección de máximo incremento."
"¿Cuál de las siguientes opciones es la única verdadera?";"La matriz de confusión es para regresión";"Resume TP,FP,FN,TN";"Contiene probabilidades";"Es un escalador";"b";"Tabla de aciertos/errores."
"¿Cuál de las siguientes opciones es la única verdadera?";"FP: predices negativo y era positivo";"FP: predices positivo y era negativo";"FP: predices positivo y era positivo";"FP: predices negativo y era negativo";"b";"Definición FP."
"¿Cuál de las siguientes opciones es la única verdadera?";"FN: predices positivo y era negativo";"FN: predices negativo y era positivo";"FN: predices positivo y era positivo";"FN: predices negativo y era negativo";"b";"Definición FN."
"¿Cuál de las siguientes opciones es la única verdadera?";"Precision=TP/(TP+FN)";"Precision=TP/(TP+FP)";"Precision=TN/(TN+FP)";"Precision=TP/(TP+TN)";"b";"Positivos predichos correctos."
"¿Cuál de las siguientes opciones es la única verdadera?";"Recall=TP/(TP+FP)";"Recall=TP/(TP+FN)";"Recall=TN/(TN+FP)";"Recall=FP/(FP+FN)";"b";"Positivos reales recuperados."
"¿Cuál de las siguientes opciones es la única verdadera?";"Accuracy=TP/total";"Accuracy=(TP+TN)/total";"Accuracy=FP/total";"Accuracy=FN/total";"b";"Proporción de aciertos."
"¿Cuál de las siguientes opciones es la única verdadera?";"Subir umbral aumenta positivos";"Subir umbral reduce positivos";"Subir umbral siempre mejora recall";"Subir umbral siempre mejora accuracy";"b";"Más estricto → menos positivos."
"¿Cuál de las siguientes opciones es la única verdadera?";"LASSO nunca anula coeficientes";"LASSO puede hacer coeficientes 0";"LASSO obliga igualdad";"LASSO no cambia nada";"b";"Sparsity en LASSO."
"¿Cuál de las siguientes opciones es la única verdadera?";"Ajustar scaler antes del split";"Split y luego ajustar scaler con train";"Orden da igual";"Solo escalar test";"b";"Evitar data leakage."
"¿Cuál de las siguientes opciones es la única verdadera?";"Componentes PCA son ortogonales";"Son paralelos";"Usan etiquetas";"Eliminan varianza";"a";"Base ortogonal."
"¿Cuál de las siguientes opciones es la única verdadera?";"Estandarizar hace normalidad";"Estandarizar no garantiza normalidad";"Estandarizar binariza";"Estandarizar ordena";"b";"Solo centra y escala."
"¿Cuál de las siguientes opciones es la única verdadera?";"Modelo lineal debe ser lineal en x";"Nunca tiene sesgo";"No sirve en clasificación";"Siempre no lineal";"a";"Lineal en parámetros y features."
"¿Cuál de las siguientes opciones es la única verdadera?";"Frontera lineal es curva";"Frontera es hiperplano";"Frontera es árbol";"Frontera es nube";"b";"Separador lineal."
"¿Cuál de las siguientes opciones es la única verdadera?";"One-hot sirve para variables continuas";"One-hot codifica categóricas";"One-hot reduce dimensión";"One-hot normaliza";"b";"Categóricas a binarias."
"¿Cuál de las siguientes opciones es la única verdadera?";"MinMax cambia distribución";"MinMax no cambia forma relativa";"MinMax hace normalidad";"MinMax elimina correlación";"b";"Escala, no deforma."
"¿Cuál de las siguientes opciones es la única verdadera?";"StandardScaler depende del mínimo";"StandardScaler usa media y desviación";"StandardScaler usa percentiles";"StandardScaler elimina outliers";"b";"Basado en μ y σ."
"¿Cuál de las siguientes opciones es la única verdadera?";"PCA maximiza correlación";"PCA maximiza varianza explicada";"PCA minimiza muestras";"PCA usa etiquetas";"b";"Criterio de varianza."
"¿Cuál de las siguientes opciones es la única verdadera?";"El primer PC explica menos varianza";"El primer PC explica más varianza";"Todos explican igual";"No hay orden";"b";"Orden decreciente de varianza."
"¿Cuál de las siguientes opciones es la única verdadera?";"AUROC usa accuracy vs umbral";"AUROC usa TPR vs FPR";"AUROC usa MAE";"AUROC usa MSE";"b";"Curva ROC: TPR vs FPR."
"¿Cuál de las siguientes opciones es la única verdadera?";"TPR=FP/(FP+TN)";"TPR=TP/(TP+FN)";"TPR=TN/(TN+FP)";"TPR=TP/(TP+FP)";"b";"TPR es recall."
"¿Cuál de las siguientes opciones es la única verdadera?";"FPR=FP/(FP+TN)";"FPR=TP/(TP+FN)";"FPR=TN/(TN+FP)";"FPR=FN/(FN+TP)";"a";"Falsos positivos sobre negativos reales."
"¿Cuál de las siguientes opciones es la única verdadera?";"Aumentar FP sube precision";"Aumentar FP baja precision";"FP no afecta precision";"FP aumenta recall";"b";"Más FP empeora precision."
"¿Cuál de las siguientes opciones es la única verdadera?";"Aumentar FN sube recall";"Aumentar FN baja recall";"FN no afecta recall";"FN mejora precision";"b";"Más FN → peor recall."
"¿Cuál de las siguientes opciones es la única verdadera?";"Imputar antes de split es correcto";"Imputar después de split con train es correcto";"Orden da igual";"Nunca imputar";"b";"Evitar fuga."
"¿Cuál de las siguientes opciones es la única verdadera?";"Variables con distinta escala no afectan PCA";"Escala afecta PCA";"PCA ignora escala";"PCA elimina escala";"b";"Covarianza depende de escala."
"¿Cuál de las siguientes opciones es la única verdadera?";"Varianza es independiente de escala";"Varianza depende de escala";"Varianza siempre 1";"Varianza no importa";"b";"Multiplicar cambia varianza."
"¿Cuál de las siguientes opciones es la única verdadera?";"Filtrado por varianza ignora escala";"Filtrado por varianza depende de escala";"Siempre elimina todo";"Nunca elimina nada";"b";"Umbral relativo a escala."
"¿Cuál de las siguientes opciones es la única verdadera?";"Regresión logística usa MSE siempre";"Regresión logística usa función logística";"Regresión logística es clustering";"Regresión logística elimina umbral";"b";"Modelo probabilístico."
"¿Cuál de las siguientes opciones es la única verdadera?";"Umbral no afecta predicción";"Umbral afecta clasificación";"Umbral solo en regresión";"Umbral fija pesos";"b";"Define decisión binaria."
"¿Cuál de las siguientes opciones es la única verdadera?";"Separabilidad lineal garantiza 100% accuracy";"Nunca se logra 100% accuracy";"Accuracy no depende de datos";"Separabilidad no importa";"a";"Si separable, existe hiperplano perfecto."
"¿Cuál de las siguientes opciones es la única verdadera?";"Regularización aumenta overfitting";"Regularización reduce overfitting";"Regularización elimina datos";"Regularización aumenta varianza";"b";"Controla complejidad."
"¿Cuál de las siguientes opciones es la única verdadera?";"Bias alto = underfitting";"Bias alto = overfitting";"Bias no importa";"Bias es ruido";"a";"Error sistemático alto."
"¿Cuál de las siguientes opciones es la única verdadera?";"Varianza alta = underfitting";"Varianza alta = overfitting";"Varianza no importa";"Varianza es media";"b";"Sensibilidad al ruido."
"¿Cuál de las siguientes opciones es la única verdadera?";"Más datos aumenta overfitting";"Más datos reduce varianza";"Más datos elimina bias";"Más datos no afecta";"b";"Más muestras estabilizan."
"¿Cuál de las siguientes opciones es la única verdadera?";"Cross-validation usa solo test";"Cross-validation rota folds de entrenamiento/validación";"Cross-validation elimina datos";"Cross-validation es escalado";"b";"Evaluación robusta."
"¿Cuál de las siguientes opciones es la única verdadera?";"Overfitting = bajo error train y alto test";"Overfitting = alto error train";"Overfitting = error igual";"Overfitting no existe";"a";"Mala generalización."
"¿Cuál de las siguientes opciones es la única verdadera?";"Underfitting = modelo complejo";"Underfitting = modelo demasiado simple";"Underfitting = mucho dato";"Underfitting = overfitting";"b";"No captura patrón."
"¿Cuál de las siguientes opciones es la única verdadera?";"Feature engineering siempre reduce dimensión";"Feature engineering puede aumentar dimensión";"Feature engineering elimina datos";"Feature engineering solo normaliza";"b";"Puede crear nuevas variables."
"¿Cuál de las siguientes opciones es la única verdadera?";"Escalar después del split evita leakage";"Escalar antes del split evita leakage";"Orden irrelevante";"Nunca escalar";"a";"Fit solo con train."